ProfID,x,y,ph_0_30,k_0_30,soc_0_30,bd_0_30,cec_0_30,p_0_30,n_0_30,clay_0_30,sand_0_30,silt_0_30
51,-60.351883,-38.806003,6.5,599.5753633617783,2.439272050781611,1.2556930120730376,19.20379086308971,NA,NA,22.969477649999998,46,31.030522350000002
154,-58.674303,-38.207964,6.028820518646615,821.2729346541894,3.0695808367571855,1.1729348695520552,24.8252020284259,NA,NA,25.9787917,41,33.0212083
197,-60.459175,-38.362847,5.952584191925997,966.5148083795409,2.9260185549778366,1.1864543870953188,24.244090933203516,NA,NA,25.10539197,40,34.89460803
262,-58.866944,-38.421944,6.631745589466895,858.6094708505382,1.6692144606279484,1.3827771555158672,18.2409636657408,NA,NA,21.30443052,48,30.69556948
2702,-58.022222,-37.821667,7.090466826985088,864.2191351402236,3.7809438199788117,1.0840623167016854,28.41883861514202,NA,NA,25.97128953,43,31.02871047
2706,-57.918611,-37.954444,6.003400635016914,893.0602490990126,3.5064260906484646,1.115993451081887,23.068445514312433,NA,NA,26.50761832,40,33.49238168
2709,-60.472222,-36.677778000000004,10.011091574762373,1151.6937837485543,0.8836566428949723,1.5471248225626704,NA,NA,NA,32.39214485,31,36.60785515
2710,-60.228559,-36.691154,7.374503923813316,561.5595289575291,2.962536447260204,1.2016396238394187,26.553484917435195,NA,NA,27.430105200000003,24,48.5698948
2711,-60.450759,-36.843936,6.842891753910153,964.4612567876056,2.479966034092783,1.2541832312684904,19.792186635806175,NA,NA,23.467453080000002,54,22.532546919999998
2712,-60.426314,-36.944677,6.505078315745884,739.7578322707976,3.54776321126352,1.11729131856297,30.020313181551412,NA,NA,29.34165153,31,39.65834847
2714,-59.27717,-36.95655,5.850945666639253,1017.0513645229288,3.4453496385519244,1.123640094641412,22.75460893630915,NA,NA,26.23425974,46,27.76574026
2716,-61.126443,-37.170563,6.29587034381063,866.8704704700998,2.356023384801037,1.282628199935316,23.426425942045878,NA,NA,29.52268085,23,47.47731915
2718,-60.40875,-37.09873,8.614335675992768,673.3937538249539,2.2495750056944064,1.3110258198850213,40.33319160114709,NA,NA,36.13655581,22,41.86344419
2720,-60.317482,-37.180943,6.536744610489981,995.1670590610729,3.604301100879657,1.1333064064027805,24.16683922021988,NA,NA,26.775252419999997,31,42.22474758
2721,-59.475147,-37.283576,6.913164513742403,830.3992614888843,3.6067466150060787,1.107403056973063,28.211942026803836,NA,NA,30.11552143,32,37.88447857
2723,-60.817359,-37.581966,6.694769206019502,1134.7152256106726,2.1950305176430107,1.2913160019192043,24.258204296649822,NA,NA,24.64421624,40,35.35578376
2725,-61.466667,-38.033333,7.5,1016.4959999999999,2.55,1.2369674348036523,26.3,NA,NA,25.45546798,43,31.544532020000002
2726,-58.517943,-38.006483,5.910502754820937,432.1215796930341,3.1890136757182215,1.1583739551391614,35.21050275482093,NA,NA,30.91537367,38,31.08462633
2761,-58.2625,-37.808333,7.394016583087423,537.1827284057792,1.5537948796623213,1.4270329307535998,14.395148172345992,NA,NA,20.95334442,39,40.04665558
2762,-58.159944,-37.892539,6.5471895584614135,675.2030759242829,2.767821692423457,1.2180510246915328,17.79518516468904,NA,NA,22.42753694,47,30.57246306
2764,-61.090163,-37.183748,6.428222441008406,979.2034216417572,2.3080536337540467,1.2789854300241115,19.768675586029406,NA,NA,23.38378479,44,32.61621521
2768,-60.955252,-37.365404,6.63021614036988,600.4853853452873,2.3789074619503587,1.2667683987030565,16.609331178750832,NA,NA,20.71928919,50,29.28071081
2769,-60.802663,-37.456248,9.755499491699654,669.9017045817454,0.7580756833658001,1.571341405175093,25.831334058394905,NA,NA,21.85770183,36,42.14229817
2770,-60.574877,-37.374822,8.080884319999578,524.6318712654884,1.4605946105914083,1.449914931772398,20.842280046992283,NA,NA,20.16377822,35,44.83622178
2771,-60.723174,-37.361479,9.797485203545136,833.4933902619694,0.6640181236004516,1.5929633813065869,23.05440577009534,NA,NA,16.49744389,37,46.50255611
2772,-60.874338,-37.540616,NA,NA,NA,NA,NA,NA,NA,NA,NA,NA
2773,-60.872671,-37.540161,8.516893865105,1017.6260031341851,1.3786701024829622,1.4616311550714107,29.515446744351244,NA,NA,23.373949279999998,36,40.62605072
2774,-60.698317,-37.470591,9.352414237919723,695.6530920762631,0.7752792512479683,1.5678521599384938,21.04604908645003,NA,NA,23.16561713,36,40.83438287
2775,-59.273193,-37.46736,6.8627064890193505,176.62730487804876,3.2234312344097864,1.154097015907517,24.829446138211384,NA,NA,32.74451796,32,35.25548204
2796,-58.367518,-38.274466,9.217518662382712,821.0203746223564,1.0183948952189132,1.51829345201632,30.843868188430125,NA,NA,29.2687741,39,31.7312259
2797,-58.163923,-38.345466,6.33031641279237,702.8554948305238,2.419743503782679,1.2822235893391172,23.684803538691607,NA,NA,33.56255555,32,34.43744445
2798,-61.156389,-38.320833,6.821399676375406,547.8000145631069,2.3339704692556635,1.271939987468776,33.708569309600875,NA,NA,33.76851383,34,32.23148617
2799,-60.761747,-38.243832,7.906696919587949,676.4909538107541,1.4514448309351191,1.4289323864137558,24.09562624952666,NA,NA,28.75833859,34,37.24166141
2800,-60.244313,-38.027927,6.922393364928911,775.4117203791468,2.325989336492891,1.2852700749772563,20.978436018957346,NA,NA,30.14729415,41,28.85270585
2801,-60.268303,-38.247338,5.584328770650826,628.4835011975712,1.6339253935093037,1.3906827258349943,20.67801213149693,NA,NA,20.95481531,38,41.04518469
2802,-58.661675,-38.143606,5.964683040929407,1208.26352261811,3.0290094605554034,1.1728217448330436,25.496253126206998,NA,NA,28.13745894,37,34.86254106
2803,-58.968039,-38.260668,5.821747520686541,1063.5684751437109,3.700563988646641,1.0873893776108763,30.558038279173115,NA,NA,29.073691020000002,34,36.92630898
2804,-58.597607000000004,-38.319632,7.424760251676338,845.2067068987639,1.5707810354086176,1.408498272668372,28.309134434892528,NA,NA,31.29365893,38,30.70634107
2805,-58.630134,-38.303778,6.301169346692562,874.154710617926,2.4825617383710616,1.2598878835159488,24.856390739750317,NA,NA,27.47229605,43,29.52770395
2806,-61.215505,-38.414291,6.599816053571842,384.7084328011658,2.5044923204873553,1.2428907134699694,28.24013010581202,NA,NA,36.79221804,24,39.20778196
2807,-61.13691,-38.449819,6.511415295484519,687.7462363047164,1.9750258729510768,1.3297113978701984,25.41948122213151,NA,NA,32.0717317,32,35.9282683
2808,-60.674808,-38.450559,7.35223616047465,490.8786059440339,1.7022248607706627,1.3744340604173535,22.748757863306416,NA,NA,34.58280344,33,32.41719656
2809,-60.471029,-38.343757,6.42470640830998,536.2428737600738,2.0829821984721835,1.3112600599230009,20.216384726631183,NA,NA,29.46633693,45,25.53366307
2810,-60.117623,-38.411625,5.59178952264814,984.5149256043816,3.668681525130736,1.0939130341040477,32.58782318037264,NA,NA,29.00579141,31,39.99420859
2811,-59.948454,-38.345423,5.509561103944271,1037.8952869894115,1.5653037566109995,1.3999747935800948,18.3070991444282,NA,NA,0,65,35.413672559999995
2812,-59.705792,-38.351409,8.999758343219822,915.4691369656825,0.5793682167053753,1.6158680035635382,28.891368686825473,NA,NA,33.6831224,31,35.3168776
2813,-59.526488,-38.479162,5.87235833915855,461.4750493965438,1.5850652728757633,1.3961394314681428,15.589351020289927,NA,NA,20.72522363,51,28.27477637
2814,-59.521259,-38.449042,6.015972145073391,1016.9344640719162,1.0781048812292495,1.4990978785813383,13.451576932206361,NA,NA,17.913318949999997,69,13.086681050000001
2815,-59.482203,-38.430059,5.976578635143745,962.9773753856974,1.3828125221397733,1.4418900212621146,21.77367551840104,NA,NA,25.712860869999997,49,25.28713913
2816,-59.351091,-38.497836,8.248991692622857,1079.8527058627537,1.2301762611755138,1.4784908030162731,25.164268888500516,NA,NA,28.26557329,44,27.73442671
2817,-59.238684,-38.354139,6.1151324507545555,1106.0613465071997,2.698495549167809,1.215598339098435,26.675609086614894,NA,NA,27.032115270000002,40,32.967884729999994
2818,-59.175369,-38.432637,7.4,938.3039999999999,2.43,1.2548213498797893,38.3,NA,NA,17.568964450000003,51,31.43103555
2819,-59.375287,-38.608621,5.6015077854884225,1170.6618824431964,3.135602786848288,1.161867655411464,NA,NA,NA,20.609530330000002,53,26.390469669999998
2820,-58.584368,-38.454193,6.018481539012511,947.2021226491214,3.9470154347917217,1.067990211178323,25.99846081411394,NA,NA,25.78034169,38,36.21965831
2821,-58.990394,-38.653059,7.771268330500162,692.73581534772,1.7228541890708757,1.3830122971829697,16.950619141804502,NA,NA,12.98436633,72,15.01563367
2822,-58.918788,-38.620616,5.742889364291914,848.1046857775182,3.4720180639779725,1.1187720788814708,23.6406912751896,NA,NA,22.50021358,53,24.49978642
2823,NA,NA,8.380168371696504,172.00045780051153,0.3238821398124467,1.6822065192422586,2.9597755044046608,NA,NA,NA,NA,NA
2824,-59.783611,-38.794167,5.815609410204878,728.5934526405887,3.3900944356100817,1.1504739448418082,20.042277741181607,NA,NA,100,0,0
2825,-59.870278,-38.688889,6.334892419197503,657.0339467076166,1.0148961273922035,1.5176648863794955,17.616829282963693,NA,NA,20.0654332,55,24.9345668
2826,-59.975,-38.707778,7.269707503382008,483.7792764055518,1.32727999310976,1.4511252499819272,14.568927349054498,NA,NA,21.11899382,47,31.881006180000004
2827,-59.661111,-38.768611,7.605789050162357,273.69029782001445,1.4896320586552607,1.4187836868154968,13.367818907392959,NA,NA,23.27846762,44,32.72153238
2828,-59.36891,-38.702336,5.207660813900715,1104.6200619804406,3.753407722213961,1.0810114507288455,26.471815265406562,NA,NA,21.57617314,52,26.423826860000002
2891,-57.919167,-38.143333,6.617241039996687,312.34553037014933,2.4544743453222657,1.27835509618787,17.60271391944513,NA,NA,25.37920679,38,36.62079321
2892,-61.076031,-37.207754,6.756957737845214,1108.088238314358,1.7544991291866832,1.3757236995052158,18.612954645587628,NA,NA,24.042698469999998,34,41.95730153
2911,-60.642322,-37.470622,6.537631711807906,908.0668812874588,2.573241723969589,1.2397209965103306,22.165458520447427,NA,NA,19.76384754,42,38.23615246
2948,-60.818033,-37.576014,6.595167853255499,663.680596260013,2.1469666900581093,1.3059547985055107,22.983374277601207,NA,NA,25.382614240000002,40,34.617385760000005
2979,-61.636028,-38.487528,6.462826846832989,NA,1.4316336155537794,1.2656597657956115,17.34063336309355,NA,NA,NA,NA,NA
3026,-60.93525,-38.205278,6.84322335513659,NA,1.9832095677824808,1.3085435103244838,18.91153007567013,NA,NA,NA,NA,NA
3027,-60.483667,-37.532389,7.209134615384616,NA,1.5933173076923075,1.2024038461538462,16.532211538461542,NA,NA,NA,NA,NA
3029,-60.340167,-36.9815,NA,NA,NA,NA,NA,NA,NA,NA,NA,NA
3172,-60.203889,-36.837722,9.593294701986753,225.10349843150922,0.75,1.4212382363192748,13.721332345765074,NA,NA,NA,NA,NA
3175,-59.367167,-37.497806,NA,NA,NA,NA,NA,NA,NA,NA,NA,NA
3204,-59.201222,-37.262417,NA,NA,NA,NA,NA,NA,NA,NA,NA,NA
6180,-60.426332,-36.968591,9.680868539470325,1027.6966867485262,0.9834515784949616,1.5199657529093997,42.74612097232433,NA,NA,20.949673920000002,41,38.050326080000005
6181,-60.416225,-36.976493,9.368900448872077,327.2289462132345,2.8303933365794944,1.2239945477854748,44.449891451345984,NA,NA,21.07599113,41,37.92400887
6182,-60.428667,-36.936824,6.399358006042297,547.6786586102719,3.054643756294059,1.1669370515011541,22.205991943605238,NA,NA,21.59407014,40,38.40592986
6506,-58.396944,-38.162778,6.39441192027158,811.0313283204092,3.626039421601639,1.1049903810174904,20.04644758306867,NA,NA,22.979485399999998,43,34.0205146
6510,-58.061389,-38.082778,5.898236771651557,1028.877956008898,4.339392743068234,1.0185047162377463,31.857046098473273,NA,NA,24.106376599999997,43,32.8936234
6511,-58.059167,-38.081944,5.69667460826174,792.252383592327,3.4171898800320246,1.1333860218812617,28.573000850968125,NA,NA,21.34188025,46,32.65811975
6512,-58.316111,-38.311944,5.666727687351425,612.4922804554732,3.431118729219827,1.1258837845328182,22.569347017849932,NA,NA,29.960303399999997,38,32.0396966
6513,-58.45,-38.323333,6.674732501231205,424.0281335015843,1.713564390765409,1.380361928752252,16.3071889228979,NA,NA,34.934290579999995,35,30.06570942
6516,-58.446944,-38.232778,6.087999522506772,1052.4911142954168,3.5362886633060686,1.106280287890863,23.91757522678624,NA,NA,26.600017709999996,42,31.399982290000004
6518,-58.1075,-38.217778,6.764346354011703,957.7748441319409,2.2105141022151344,1.307543361446959,17.59422620944789,NA,NA,24.38963975,43,32.61036025
6519,-57.761111,-38.151667,5.413307989006227,1118.1784944063031,3.3848240973882766,1.1301612684418445,NA,NA,NA,26.88782508,41,32.11217492
6520,-57.878611,-38.278611,6.89952670852527,687.425845132287,1.193366670165669,1.4866741887328454,27.00339040943017,NA,NA,31.994580980000002,36,32.00541902
6523,-58.385278,-38.370278,5.731413744785763,771.4544503125265,2.893321838363251,1.202183535542657,25.374107158924822,NA,NA,31.60317079,37,31.39682921
6525,-58.498056,-38.443333,5.701894714308913,1130.576568357387,4.236673623066231,1.0310476425052415,25.4759305258019,NA,NA,34.806120320000005,34,31.19387968
6526,-58.400833,-38.483611,7.9613698440481375,441.2073505478517,1.5504946337066388,1.4072332364102251,17.824845808185337,NA,NA,33.23727521,35,31.76272479
6534,-57.6438,-37.865524,9.314823155038534,687.8659865863718,1.4884930029135377,1.4392476647455827,15.570926075303065,NA,NA,38.75286029,29,32.24713971
6536,-57.550411,-37.894568,6.392963625226934,761.4170072376537,3.46593460941563,1.1272247567608917,26.698381120399628,NA,NA,24.93481189,39,36.06518811
6537,-57.550501,-37.898232,6.16014201403377,550.4222886630437,2.6673748287147743,1.220414760531068,22.958611231392027,NA,NA,25.84249374,38,36.157506260000005
6539,-57.641456,-37.890898,6.350512720704476,692.4705018534687,2.597226512611404,1.2492842516615839,23.171450228535747,NA,NA,39.497625420000006,29,31.502374579999998
6541,-57.642182,-37.932979,6.65766752495811,550.8598977233046,3.432060900740167,1.1195998116425645,25.575873848268966,NA,NA,25.5044625,42,32.4955375
6545,-57.843414,-37.884461,9.45453361432035,351.864,2.6458623141471893,1.2231479613227447,20.9,NA,NA,26.06285774,40,33.93714226
6548,-57.843081,-37.883816,5.791640178462411,943.9257378959957,3.7250271395664094,1.0937018856247915,26.3189058317702,NA,NA,22.54145787,44,33.45854213
6557,-57.960558,-37.783807,6.482477721076588,1002.8271955874015,3.2626838782941823,1.1450317048397172,19.895542487784834,NA,NA,28.54488149,39,32.45511851
6558,-57.832593,-37.819045,6.187655396481529,657.2514665370179,1.9611041119242476,1.375430547095266,13.077269638810023,NA,NA,26.76674627,39,34.23325373
6559,-57.92249,-37.725146,6.804529749359235,630.7022766515082,2.824432320132299,1.221878600094114,20.858386526846477,NA,NA,31.112422459999998,35,33.88757754
6562,-57.943062,-37.795888,6.382752528556674,819.5837582603298,3.854800443682122,1.0820258533281613,24.53696516472503,NA,NA,23.67890598,44,32.32109402
6564,-58.03998,-37.865456,6.673852692201844,279.6029090695488,4.31696425812892,1.0232909810514939,37.397912939937896,NA,NA,20.33591888,46,33.66408112
6565,-57.951064,-37.698311,9.48047104653024,832.8404529225332,1.6485468558762733,1.4151923126653059,20.987033496424125,NA,NA,26.477687780000004,40,33.522312219999996
6567,-58.195908,-37.927889,6.477451604010618,3804.566066720673,3.6416336077102183,1.1061745229267788,23.099501713903294,NA,NA,24.33780441,43,32.662195589999996
6569,-58.222572,-37.869889,6.447775742294374,609.0611845037231,3.082897755978936,1.1640850962023053,28.887139907846674,NA,NA,26.273692190000002,41,32.726307809999994
6571,-58.206973,-37.892506,6.3396345671012115,877.6856405989475,3.4626324885308373,1.1156985251171143,24.02596143636863,NA,NA,22.94577465,44,33.05422535
6572,-58.203665,-37.897639,6.480860840343809,919.7523871851472,3.3267243562518845,1.1412494570606362,26.14781995669556,NA,NA,23.47073078,43,33.529269219999996
6578,-58.174558,-37.860565,6.817824112846158,232.60540772174497,1.84002958165947,1.368827697207778,14.963101214860234,NA,NA,25.435003549999998,42,32.56499645
6579,-58.17404,-37.859933,9.60296666127239,664.4531292353591,0.988366358888049,1.5346742420851949,15.980431371556696,NA,NA,25.435003549999998,42,32.56499645
6695,-58.458167,-37.864595,6.56614672169879,706.4785975018468,2.6056315843840543,1.2368137688744778,21.13886014394333,NA,NA,22.16787768,45,32.83212232
6698,-58.415295,-37.877354,6.884474204688404,710.531521005027,3.220183799965562,1.1578689351212796,24.351437772936205,NA,NA,27.655998959999998,40,32.34400104
6699,-58.361847,-37.876597,8.311422413793103,549.1976896551723,2.8082974137931034,1.2012565640393709,26.28965517241379,NA,NA,23.87607977,44,32.123920229999996
6700,-58.371095,-37.970677,9.708534909624326,925.2827932020365,1.3421105144739314,1.448462300475438,25.398710551991943,NA,NA,23.303144330000002,44,32.696855670000005
6701,-58.274497,-37.954108,7.21966829343569,530.8315206877909,2.8639028998606753,1.2271091383405102,27.279502488944914,NA,NA,22.1337073,45,32.8662927
6702,-58.312215,-37.942206,6.409912410012779,979.6777713194114,3.228108148487949,1.1480561773680373,24.98540727527885,NA,NA,25.40289957,41,33.59710043
6703,-58.39105,-37.92482,NA,NA,NA,NA,NA,NA,NA,NA,NA,NA
6706,-58.089591,-37.686253,8.040113479847143,390.1100288600771,1.8274251546153064,1.360444623200343,19.528701418535732,NA,NA,25.714784090000002,39,35.28521591
6708,-58.291158,-37.948582,6.594603064840718,904.6536989665957,3.3742765792793405,1.1490823724706636,29.726943288927085,NA,NA,28.83784733,38,33.16215267
6711,-58.101478,-37.697817,9.615611796654571,1140.9090211206715,0.9049147661643775,1.5367952442705215,30.415507753424734,NA,NA,29.286961220000002,37,33.71303878
6717,-58.045808,-37.753701,6.6262016052970365,927.2757597100622,4.228557924661254,1.036708380376283,27.37137793086572,NA,NA,29.91940356,39,31.08059644
6720,-58.07997,-37.741131,8.249877850934837,383.64109135325515,1.4709549785365486,1.4249485833753972,15.927639321870863,NA,NA,27.80599487,39,33.19400513
6721,-58.089926,-37.690694,6.767710855984068,713.7429141110273,3.515748401823243,1.1042157278284743,23.58945369826758,NA,NA,26.15776055,39,34.84223945
6722,-58.204346,-37.685472,6.5079887142730755,766.8854593795128,3.789294608062659,1.0765559688693334,26.243727034621916,NA,NA,24.80525518,42,33.19474482
6723,-58.193232,-37.833149,7.089085325651223,703.428458884722,3.1964324809104068,1.151158045021063,28.334761471560142,NA,NA,29.956680189999997,50,20.04331981
6727,-58.257797,-37.793142,8.143166968467618,901.7987787787628,2.012675440747617,1.3556158413278458,20.682858218444082,NA,NA,24.42734985,40,35.57265015
6731,-58.362508,-37.667556,6.648649357019198,890.3473828238248,2.962300675361071,1.1815820247328284,22.912893523581005,NA,NA,29.10414583,39,31.89585417
6732,-58.279865,-37.805604,6.3457750478250246,697.0658749882941,3.4401217338538492,1.1280698166324272,23.44485684188128,NA,NA,21.09876352,42,36.90123648
6733,-58.481205,-37.736493,6.725142959627297,813.4326230600369,3.2815419756613284,1.1573238872850817,32.79983179803569,NA,NA,22.47015712,46,31.52984288
6752,-58.342681,-37.803371,7.4216187230297725,589.4313935294881,2.5196132397686344,1.2621814751011124,26.975042100430233,NA,NA,25.395873169999998,42,32.60412683
6753,-58.310315,-37.823923,6.627031937598727,1190.8952033655155,3.2148180595453693,1.145400419343611,24.231966069250028,NA,NA,23.18677008,43,33.81322992
6754,-58.359239,-37.766988,6.4310352681002385,639.9829531745368,2.948926614798004,1.185440436577735,21.517560704543165,NA,NA,26.693417540000002,42,31.306582459999998
6903,-58.178084,-37.522664,6.512338566453552,1162.4042153185624,4.450091708140269,1.009754821477317,27.348575439640104,NA,NA,34.44605486,32,33.55394514
6916,-58.120825,-37.576859,7.1726222511409805,1405.154720363259,2.8864557973915814,1.1963204484394754,25.217361616647896,NA,NA,22.92764037,41,36.07235963
6923,-58.126832,-37.640833,6.708324633863792,1054.8556230269555,4.018887424780951,1.0569363861430885,24.5143420065971,NA,NA,25.64483563,40,34.35516437
6947,-58.009011,-37.528806,6.672675459120867,884.2810034592172,3.3054084386028895,1.1411782406428,22.92721747741089,NA,NA,35.18490047,30,34.81509953
6948,-58.035155,-37.62661,10.006980462133324,1191.1919500978463,1.0416302720447423,1.5133920426575123,32.58884456589079,NA,NA,22.93536916,41,36.06463084
6950,-58.033561,-37.627038,8.856853804930243,826.0372271486609,2.3486297964565677,1.3339505217724266,26.080272899003685,NA,NA,22.93536916,41,36.06463084
6958,-60.889219,-36.600897,NA,NA,NA,NA,NA,NA,NA,NA,NA,NA
6959,-60.789487,-36.63827,NA,NA,NA,NA,NA,NA,NA,NA,NA,NA
6960,-60.918423,-36.556116,NA,NA,NA,NA,NA,NA,NA,NA,NA,NA
6961,-60.545964,-36.591685,NA,NA,NA,NA,NA,NA,NA,NA,NA,NA
6962,-60.625659,-36.599751,NA,NA,NA,NA,NA,NA,NA,NA,NA,NA
7002,-60.428093,-36.636722,8.27299913476098,512.274515898767,1.8836815920398007,1.3620959186667891,28.087889357560023,NA,NA,25.96889549,37,37.03110451
7092,-58.007499,-37.528841,7.938538624086717,906.7192570448343,2.804258953763816,1.2081712429366027,27.510776170875477,NA,NA,35.79749076,29,35.20250924
7093,-58.010279,-37.52838,7.253081278790206,759.1267863637747,2.8227284035385023,1.2051682989990247,20.582565101339505,NA,NA,35.18490047,30,34.81509953
7094,-58.008111,-37.529313,7.533559731827527,639.0386913592318,3.126233443634782,1.1633914433912431,21.190983311031886,NA,NA,35.79749076,29,35.20250924
7123,-61.089923,-36.731201,6.205699092172756,324.6971571488155,2.409406892265913,1.276961934643795,21.347029700689045,NA,NA,24.30295414,41,34.697045859999996
7124,-61.115153,-36.786269,7.606031299149767,700.0633635369794,0.9352472428804978,1.5323717813759488,22.253152933697148,NA,NA,25.93615777,41,33.06384223
7125,-61.122648,-36.820767,6.764396609518365,518.509960234382,2.0391696669976374,1.3214611288313323,30.958313809133532,NA,NA,22.43671663,42,35.56328337
7127,-58.474874,-37.463898,9.664151995350789,1165.4410399423402,1.06918716657958,1.5007757522448137,27.64365906402218,NA,NA,30.01206528,39,30.98793472
7132,-60.576648,-36.769378,NA,469.15199999999993,3.84,1.0728682502682687,NA,NA,NA,NA,NA,NA
7134,-60.667167,-36.714447,NA,978.3277165991904,3.021166216824112,1.2051030368522968,NA,NA,NA,NA,NA,NA
7136,-60.607197,-36.767201,6.506796897863623,343.7790684811238,2.3997468539654667,1.2621357042793773,21.958351624231785,NA,NA,30.753311739999997,36,33.24668826
7137,-60.802745,-36.944838,NA,1033.5936487605143,3.5865126396368328,1.1279107658937895,NA,NA,NA,NA,NA,NA
7138,-60.887285,-36.895205,NA,742.824,3.79,1.0784134057587726,NA,NA,NA,NA,NA,NA
7139,-60.802733,-36.942713,NA,NA,NA,NA,NA,NA,NA,NA,NA,NA
7140,-60.646584,-36.963248,NA,1037.684621034234,1.7096383236599229,1.3871477831845804,NA,NA,NA,NA,NA,NA
7141,-60.690893,-36.910177,NA,NA,NA,NA,NA,NA,NA,NA,NA,NA
7142,-60.589781,-36.916725,NA,NA,NA,NA,NA,NA,NA,NA,NA,NA
7145,-60.459493,-36.762199,6.576637606381402,647.7589162530023,2.4681797437950364,1.25354093732959,22.836000948907277,NA,NA,23.2579905,44,32.7420095
7153,-60.448949,-36.742647,6.6682637827876,1052.3886917512252,2.548266115469245,1.2424328798959514,21.75942646277401,NA,NA,22.00546344,45,32.99453656
7154,-60.396951,-36.808029,6.254489124371403,774.2825710735539,2.5403693829102796,1.253068288596525,19.510208592015026,NA,NA,28.87069626,40,31.12930374
7155,-60.394567,-36.809557,9.692448779627634,718.6515573122529,0.9442034225655767,1.535097392268293,31.420099878894344,NA,NA,28.84846369,40,31.15153631
7156,-60.32452,-36.807205,7.4,586.4399999999999,2.85,1.1944790604476163,24.9,NA,NA,25.19529936,41,33.80470064
7157,-60.325179,-36.804254,6.378975969187445,686.8464037257806,3.0723162601204748,1.1765944561024386,25.28034647501536,NA,NA,26.707781699999998,41,32.2922183
7158,-60.301125,-36.678959,6.536697091139326,671.2416054825605,3.2008335084515913,1.1568545894799949,25.00384414762915,NA,NA,23.51171478,38,38.48828522
7159,-60.289899,-36.737814,6.939315980779426,800.5722367819423,2.340178573356898,1.2895134034239253,22.507124485474645,NA,NA,26.45885447,39,34.54114553
7161,-60.292273,-36.735848,6.546082731338149,508.2480000000001,2.6030383556931547,1.2580678745123268,32.85863003095975,NA,NA,25.02485598,40,34.97514402
7162,-60.287415,-36.68835,6.855347095072373,759.0013128141399,1.7937797188486966,1.364208707494858,19.212539206353966,NA,NA,27.81697249,36,36.18302751
7163,-60.393354,-36.77185,7.732082899824028,373.08264836877885,2.1015373260513495,1.3305029372107986,22.7618044936767,NA,NA,30.93001724,37,32.06998276
7164,-60.474249,-36.678335,7.99636661217215,1258.3173348190214,1.5630151663322216,1.4182323800964585,22.354720685647617,NA,NA,30.50155342,33,36.49844658
7165,-60.423487,-36.806249,NA,NA,NA,NA,NA,NA,NA,NA,NA,NA
7166,-60.240701,-36.688226,7.039453058281591,942.6708327926837,3.115037305302933,1.1600374091805854,25.269463395245975,NA,NA,22.6140886,38,39.3859114
7170,-60.145708,-36.731686,7.159714246895202,1286.4082608902336,3.765454058123355,1.0819414623067058,26.61096063959674,NA,NA,NA,NA,NA
7172,-60.150473,-36.814455,7.667340256877074,649.205398354317,3.5604798698500946,1.1414082124561715,22.84068027095773,NA,NA,21.95757459,43,35.04242541
7174,-59.126851,-37.222919,5.8845480211814625,1221.004310745419,4.020146417884988,1.0522854467837175,26.34650160633858,NA,NA,28.26698007,38,33.73301993
7176,-59.15838,-37.208086,6.396667197924279,1188.4716790775892,1.5016659232092135,1.4442840510131785,16.238782811925535,NA,NA,25.79946431,40,34.200535689999995
7202,-60.17674,-36.772992,NA,NA,NA,NA,NA,NA,NA,NA,NA,NA
7207,-60.283587,-36.843467,7.200323523000475,677.7551290976525,3.724481136088803,1.0867939819020278,25.76950458139174,NA,NA,22.76860682,42,35.23139318
7208,-60.395176,-36.850846,7.434817817928518,403.8288822773007,2.031720510983537,1.3485291354717392,21.08670134163467,NA,NA,25.25568716,42,32.74431284
7209,-60.391893,-36.852688,NA,225.17055203619904,3.9605467571644035,1.0714816894829913,34.87334087481146,NA,NA,26.05861349,41,32.94138651
7210,-60.393527,-36.854439,NA,NA,NA,NA,NA,NA,NA,NA,NA,NA
7211,-60.428301,-36.93612,5.7,430.056,4.34,1.0203997335140382,23.9,NA,NA,18.970732390000002,43,38.02926761
7212,-60.432217,-36.969176,NA,NA,NA,NA,NA,NA,NA,NA,NA,NA
7219,-60.347501,-36.947354,7.071928445770776,448.86185431298236,3.4730549665607815,1.122661806123083,24.59532637246802,NA,NA,19.52152026,42,38.47847974
7220,-60.358953,-36.921341,NA,NA,NA,NA,NA,NA,NA,NA,NA,NA
7222,-60.193158,-36.94891,NA,NA,NA,NA,NA,NA,NA,NA,NA,NA
7223,-60.143742,-36.970595,7.276814777219631,956.6184434709687,3.1657042150747547,1.1716799899304295,25.823055747742444,NA,NA,25.66632753,41,33.333672469999996
7224,-60.108615,-36.917107,7.33741757968466,781.5501053757552,2.6852164595803543,1.223231449499029,24.381096302967702,NA,NA,27.32016341,40,32.67983659
7226,-60.029179,-36.877202,7.167452443199359,1166.948226839882,3.6967312434766404,1.096259498015018,29.00784813979278,NA,NA,29.4917419,37,33.5082581
7228,-60.085863,-36.915249,7.163050357260952,831.5168052322284,3.3524006458810827,1.1335756142219788,24.38295877062716,NA,NA,26.966610429999996,40,33.033389570000004
7329,-61.490169,-37.039876,7.193258583283588,880.5371863266492,1.7638419016867963,1.3795619703747841,22.904965698501275,NA,NA,25.591314009999998,41,33.408685989999995
7330,-61.487522,-37.074795,6.558046915670784,838.8407190494445,2.253756843418019,1.2920028772725343,24.621684267432485,NA,NA,26.174210369999997,40,33.82578963
7331,-61.427214,-37.030065,NA,NA,NA,NA,NA,NA,NA,NA,NA,NA
7337,-61.403337,-37.10149,6.482709215965392,817.8545086958003,2.530161572829467,1.2354938105710775,20.112885124506164,NA,NA,21.441799330000002,44,34.558200670000005
7338,-61.114607,-37.069003,8.944106153929276,594.6732160466812,1.2408823243374667,1.4709521223227242,35.70120437906908,NA,NA,22.774581660000003,40,37.22541834
7339,-61.104961,-37.067607,9.545591374063598,925.4406772657431,0.7637110867316742,1.5722379338999317,35.85201049395264,NA,NA,22.662657720000002,39,38.33734228
7340,-61.102156,-37.048162,6.613430420711975,743.4091747572817,2.347026699029126,1.2837820423852484,26.380582524271848,NA,NA,21.35367259,41,37.64632741
7341,-61.226563,-37.156723,7,821.016,3.5,1.1117406033460726,30.1,NA,NA,18.42354748,38,43.57645252
7342,-61.238996,-37.144895,6.9560762340848115,1124.9978470151966,2.830127010566116,1.2076817852484998,29.98851001886669,NA,NA,21.566470029999998,35,43.43352997
7343,-61.308953,-37.179076,8.9,742.824,1.6,1.3939865427884728,19.4,NA,NA,16.03019399,42,41.96980601
7344,-61.307165,-37.180941,9.698082556412727,606.7549811418346,0.9134203691154733,1.5381304812341852,27.01513070942879,NA,NA,16.70090715,43,40.29909285
7345,-61.303338,-37.174861,6.60418701185718,507.0150809437602,2.2731581638755443,1.2799513423778712,18.41398552428823,NA,NA,20.90676951,41,38.09323049
7346,-61.275502,-37.290898,8.379293935320243,522.1946566657177,0.8481766971981962,1.5567946173229579,17.197832138338057,NA,NA,19.473731960000002,41,39.526268040000005
7349,-61.117346,-37.188369,6.99934789205897,1156.1953014781732,2.6165631286362205,1.2343765943319263,21.826949887287967,NA,NA,19.01391063,37,43.98608937
7350,-61.108003,-37.313377,6.663438741435602,493.5859452992141,1.8970795713685495,1.3562725012990413,19.16177722572257,NA,NA,20.0519416,40,39.9480584
7351,-60.441533,-37.016359,7.350684261974585,517.8882404692082,2.7167851906158367,1.2420077688136029,33.71642228739003,NA,NA,23.16887569,38,38.83112431
7352,-60.442142,-37.017493,7.8,469.15199999999993,4.5,1.0046769722411772,35.4,NA,NA,23.43773137,38,38.56226863
7353,-60.441492,-37.018349,NA,NA,NA,NA,NA,NA,NA,NA,NA,NA
7354,-60.432843,-37.008724,6.852683776664062,1277.5085270135214,4.169070400083944,1.0538611751284703,28.770972072431753,NA,NA,25.07659659,37,37.92340341
7355,-60.454967,-37.027609,9.521093749999999,1269.7036875,0.9833593749999999,1.5227512086440396,30.59453125,NA,NA,27.90542186,33,39.094578139999996
7356,-60.458657,-37.028736,8.2,867.910543777256,2.9038485407581347,1.2073747576376483,34.88061053337806,NA,NA,23.11503693,38,38.88496307
7360,-60.399355,-37.131434,7.6,1329.264,4.49,1.0056454360326559,36,NA,NA,24.74205946,33,42.25794054
7361,-60.342368,-37.128512,NA,NA,NA,NA,NA,NA,NA,NA,NA,NA
7363,-60.310961,-37.13923,9.453891187892106,681.3097130886822,1.4385395189371464,1.428538611869832,38.91855948885019,NA,NA,23.549659740000003,35,41.450340260000004
7364,-60.493166,-37.00984,6.1561781609195405,674.097051724138,3.1309520195887974,1.16641259341681,27.489738141492634,NA,NA,32.78963107,29,38.21036893
7365,-60.170122,-37.113277,6.833075282801123,1148.9191766752779,3.4435707925461183,1.1375294482036058,29.307501625630486,NA,NA,21.18240918,42,36.81759082
7368,-60.248348,-37.023644,7.801764444703756,913.5619315906547,3.7651651094458427,1.095760121636819,30.590561035102066,NA,NA,22.91691973,43,34.083080269999996
7376,-60.147112,-37.28758,6.753333333333333,297.8742857142857,2.3393333333333333,1.2764091882332946,26.099999999999998,NA,NA,25.73179203,40,34.26820797
7378,-60.146141,-37.289071,8.31157151626765,493.61999999999995,1.6674063842848375,1.392791793045684,23.046286065070596,NA,NA,28.96197208,37,34.038027920000005
7379,-60.465723,-37.285146,6.444779971866124,998.8279845529104,2.5648447328608968,1.2362341997101465,25.588531464819386,NA,NA,26.0745879,41,32.9254121
7382,-60.186951,-37.317651,6.762847980793629,968.1127321017148,2.5050927006670696,1.2587329481946845,27.04971425966151,NA,NA,23.34820048,41,35.65179952
7383,-60.190396,-37.31719,6.583786491185134,738.3300201707207,2.7296473328873194,1.2288875771505874,26.69938999700444,NA,NA,20.05136864,44,35.94863136
7385,-60.07863,-37.290373,6.5676615436640855,977.6961486559463,2.867374733875017,1.231244672610756,27.822892728305593,NA,NA,24.838817080000002,42,33.16118292
7386,-60.129082,-37.307234,6.472972235565256,888.7263756187918,2.8742888194670866,1.2285296996938722,22.571296893160874,NA,NA,27.418368550000004,41,31.581631449999996
7388,-60.247597,-37.225804,6.5483914729573725,1141.7553041397816,3.723945748711527,1.0931839268173653,31.286940386754328,NA,NA,24.69463138,39,36.30536862
7389,-60.4517,-37.287135,6.646088206983122,1062.3121367951012,3.105738827642137,1.1774411627926706,27.053474772226803,NA,NA,30.3856221,37,32.6143779
7390,-60.302303,-37.27099,8.156426869961871,628.4702771822449,2.642809626633889,1.2655190236309584,31.15978774457284,NA,NA,23.68230584,38,38.31769416
7392,-60.404415,-37.189563,8.612262204011111,593.0041017595853,1.7875692465519206,1.3848930122607848,35.46310240150702,NA,NA,22.847242610000002,35,42.15275739
7394,-60.432994,-37.201254,9.565062950749573,1135.888814338462,1.100378588521665,1.4953582177525502,29.062475021175466,NA,NA,18.285743529999998,38,43.714256469999995
7395,-60.320538,-37.244187,6.366011262153031,1323.3298276662747,4.069391180676979,1.0578807288744225,27.98442030633813,NA,NA,21.68826104,39,39.31173896
7420,-59.4297,-37.217766,6.611380549433863,656.6284024619589,3.704563187717071,1.1031456606117698,27.66345294808198,NA,NA,26.934372680000003,41,32.06562732
7423,-59.439137,-37.271515,NA,NA,NA,NA,NA,NA,NA,30.89271094,36,33.10728906
7424,-59.069051,-37.323576,6.8,430.056,4.26,1.0284471103548762,19.4,NA,NA,23.073045490000002,46,30.92695451
7426,-59.33689,-37.280895,7.833674539156733,644.4361311816762,3.1270696071835236,1.1595494457530175,30.761428509456877,NA,NA,23.95875277,42,34.041247229999996
7434,-59.208726,-37.262393,7.029259047380915,868.9971649282922,2.6554693611473272,1.2353328906067618,30.718073663624512,NA,NA,28.22128818,40,31.77871182
7435,-59.016976,-37.314387,6.370076693413884,934.649441921729,3.5596511818889907,1.1050773467212673,27.470603455399228,NA,NA,26.232492079999997,43,30.767507920000003
7436,-59.01738,-37.304976,6.72707433844327,675.632867883696,2.8741179778549277,1.1969172207801366,20.586152190664258,NA,NA,22.04373291,45,32.95626709
7437,-59.242202,-37.171807,6.445473066162663,1059.2696619611625,3.056839568528242,1.1950736932762174,22.068233974926553,NA,NA,25.88493078,39,35.115069219999995
7439,-59.331453,-37.251502,6.302267547231768,1162.9073241367475,3.106444558560878,1.162571647659212,23.570898585747067,NA,NA,28.154584590000002,40,31.845415409999998
7440,-59.200987,-37.07977,6.992317862748147,633.9404051245563,2.3155369046001417,1.3144623078916267,15.966872011671509,NA,NA,27.54529426,37,35.45470574
7441,-59.237883,-37.009414,9.54330780431892,974.081021390374,1.2819286223366972,1.4656584420577643,33.20750891265597,NA,NA,27.25159,39,33.74841
7442,-59.224751,-37.021845,6.063551410964044,1233.0955855865027,3.6626143856221676,1.1017406959034148,25.644950238453173,NA,NA,28.241673709999997,36,35.75832629
7443,-59.221128,-37.055555,6.72519058298142,1080.936642847488,3.827525766720245,1.080525735918087,26.81716872354586,NA,NA,27.673339629999997,38,34.32666037
7444,-59.180696,-37.132287,6.603723849286676,1195.9374452749112,3.327260324846366,1.1502518274050721,22.754694417355335,NA,NA,31.88321432,35,33.11678568
7447,-59.286226,-37.14909,6.832226860368894,511.5601616713298,1.545884560595022,1.4239863722414356,15.560080676137458,NA,NA,32.70790965,36,31.292090350000002
7448,-59.036432,-37.104751,6.106975447176543,1003.7740420615828,3.6763170886907215,1.1105204662722943,24.071100587647926,NA,NA,31.10323773,36,32.896762269999996
7451,-59.36927,-37.016975,7.094601522898341,996.0949395602158,3.2407740571139754,1.1789799363573195,22.18205430162482,NA,NA,25.34911846,40,34.65088154
7455,-59.417532,-37.128106,6.183731963627058,649.5807922331666,1.902890350000389,1.361531560239306,24.65636048431686,NA,NA,29.41865894,37,33.58134106
7456,-59.317093,-37.040892,9.802271384735095,1294.7274332967663,1.0901353316644347,1.4967328529793045,37.80433262993118,NA,NA,28.31081216,37,34.68918784
7457,-59.288652,-37.076562,6.908140573852003,1147.7692700771183,3.8073073012700585,1.0787114594326943,25.0814331046838,NA,NA,28.678933719999996,38,33.321066280000004
7458,-59.36581,-37.136185,7.601505444785155,683.5667760909523,1.2019573729901185,1.4777396890194066,19.14483778488816,NA,NA,29.73148903,38,32.26851097
7459,-59.325464,-37.111892,5.89754514484746,1141.0698018622552,3.243380557727649,1.1346704813934707,24.34445855647497,NA,NA,26.11506762,41,32.884932379999995
7687,-58.914,-37.271722,6.426801735446812,649.8014919271014,2.347270630309139,1.3116695455030385,19.51491101294583,NA,NA,29.27569646,37,33.72430354
7833,-58.8262,-37.3313,5.838028761460381,982.1009170307566,0.9663228651873019,1.5228431233902435,29.802573704073254,NA,NA,26.98020684,40,33.01979316
7882,-58.9687,-37.2236,8.445299567593379,628.6882759238595,1.3452660192832986,1.4560527396357066,22.45983629862328,NA,NA,23.68432201,39,37.31567799
7907,-58.509,-37.9909,6.147156677139613,744.2790962080868,3.4484585695069754,1.1169453772074758,25.81146238236504,NA,NA,26.46886593,42,31.53113407
7922,-58.684028,-37.9717,6.287618791340038,719.0599515489249,3.448213683979215,1.1163460274505153,25.116863015152827,NA,NA,25.81258322,42,32.18741678
7933,-58.637397,-37.924117,6.525887367471016,755.951070770701,2.1020801095176305,1.322121323636361,26.78373691876667,NA,NA,29.56222096,39,31.43777904
7937,-58.698531,-37.857533,6.460825696649439,811.7916739024357,3.118003433996956,1.1636989611335589,27.748547330304586,NA,NA,27.832890650000003,39,33.16710935
7941,-58.7481,-37.989617,7.780627580487188,637.3297870152286,2.8589995279718923,1.2071302374916484,20.129289098076413,NA,NA,23.83643534,43,33.16356466
7955,-58.719653,-37.974256,7.6,156.384,1.1,1.493786207883893,32.7,NA,NA,24.892852519999998,44,31.10714748
7965,-58.559758,-37.680572,6.552044810169981,862.6095269691752,2.9219189186570014,1.2087692921577227,23.949118913577365,NA,NA,29.62756528,39,31.37243472
7973,-58.581411,-37.747133,6.049635772505903,569.0568396314665,2.783822865584057,1.2097626300223472,25.291593741252285,NA,NA,19.7855955,46,34.2144045
7978,-58.506944,-37.822778,6.067206606655232,1071.7196580245436,3.5971973787805607,1.109707197645896,26.604672964329733,NA,NA,23.4836522,42,34.5163478
7981,-58.60795,-37.808336,6.098177330979359,767.3059141780121,3.8047855037237093,1.0884730071640643,32.01900619436562,NA,NA,28.328187070000002,37,34.67181293
7986,-58.737225,-37.676722,6.106328889302619,684.8427134632894,3.390050188068898,1.1545075969637983,30.930355745483002,NA,NA,27.116460769999996,41,31.883539230000004
7987,-58.749203,-37.742956,6.067353114759194,467.6546395500284,3.00134828195127,1.1983048533127298,21.941540677060228,NA,NA,25.36616939,42,32.633830610000004
7988,-58.63385,-37.723864,6.151699449453203,913.9036788554793,3.431195624651989,1.132374034796437,28.965021284315547,NA,NA,21.063129,43,35.936871000000004
7993,-58.735536,-37.808547,NA,357.3456125754127,2.3415402180105387,1.2951345459345276,20.502262207981435,NA,NA,20.65226679,45,34.34773321
7994,-58.658336,-37.688478,6.220677004756687,697.3663134606619,3.989758087019286,1.0599206529222898,31.45262336854566,NA,NA,23.85575531,42,34.14424469
8000,-58.523358,-37.761358,6.44921594190871,494.4654917462321,2.4581782576687012,1.254451396116202,22.515593222210864,NA,NA,18.31590764,49,32.68409236
8006,-58.701992,-37.562422,8.839777045027732,508.68383237978765,3.1824957054053655,1.1481359545236869,29.691047589931724,NA,NA,26.83658906,41,32.16341094
8012,-58.502694,-37.561128,6.291871643962635,747.0508381742738,1.1030439650211834,1.493131386057243,32.2459428307976,NA,NA,31.00000465,37,31.99999535
8021,-58.662981,-37.656461,6.146570342620013,1075.4403403364863,3.89554721324082,1.0697131983749868,25.465211581228456,NA,NA,23.01727082,43,33.98272918
8023,-58.750431,-37.588953,NA,819.3002109699485,2.373808618304418,1.2748259648050073,23.706218401450688,NA,NA,25.47159196,43,31.52840804
8025,-58.592578,-37.83405,6.0349205841308535,828.6788675858397,4.180688105590158,1.0426799510273927,25.220728195671455,NA,NA,21.165576429999998,44,34.83442357
8026,-58.6711,-37.932753,6.441166264071018,789.2928898997451,3.9053056526334693,1.0692099185687876,28.38331106826209,NA,NA,29.70418628,39,31.29581372
8027,-58.597139,-37.944128,NA,542.8486228066513,4.115186029334465,1.0507601393763777,26.679503257386518,NA,NA,22.60212741,42,35.39787259
8067,-58.610833,-38.160278,9.240104921960846,989.4378700903782,1.0776195370384178,1.5026638659778662,29.72382073374445,NA,NA,26.49744826,42,31.50255174
8069,-58.533333,-38.021111,6,469.15199999999993,3.85,1.0717660552484256,33.3,NA,NA,23.28785929,46,30.71214071
8070,-58.524167,-38.011667,6.014134768754263,898.152582981671,2.850973137292834,1.2034570837103078,32.665598525298506,NA,NA,26.68554833,42,31.31445167
8075,-58.713611,-38.139722,7.292501820201942,NA,1.6658769495062589,1.408369108567223,18.18243692383465,NA,NA,26.019787760000003,41,32.98021224
8083,-58.607778,-38.194722,8.391454559670859,725.3752194754296,1.2873660571258887,1.4611630394317485,31.49913980369253,NA,NA,27.81802973,41,31.18197027
8093,-58.553889,-38.2225,8.386483470302053,719.2001432946129,1.4374876793967886,1.434578827434403,31.001153945232897,NA,NA,26.258989300000003,42,31.741010699999997
8099,-58.680833,-38.070556,5.956551093506125,760.2890996957616,2.6918359180196734,1.2237329745746415,21.89504558553312,NA,NA,24.55724998,43,32.44275002
8122,-58.646389,-38.276111,8.9247817098591309,657.637087421441,1.2236456811563685,1.4755531342362618,31.648901585618585,NA,NA,25.48896002,44,30.51103998
8128,-58.529722,-38.268056,5.853718772358644,1252.9872257577672,3.624542304989167,1.0930952844526534,29.19631756000723,NA,NA,27.56808289,41,31.43191711
8129,-61.51281944,-37.37646111,NA,852.1698743,NA,NA,NA,20.4,2246.11677,NA,NA,NA
8130,-57.84725,-37.85136111,NA,769.5543527,NA,NA,NA,10.52440725,3008.8215,NA,NA,NA
8131,-58.8762,-38.54,NA,992.4107143,NA,NA,NA,15.86915888,2662.1158299999997,NA,NA,NA
8132,-60.30394444,-38.453,NA,740.2374935,NA,NA,NA,20.84761905,1792.0389,NA,NA,NA
8133,-60.39772222,-38.51566667,NA,724.7729219,NA,NA,NA,13.54495159,1683.16259,NA,NA,NA
8134,-60.41441667,-38.52913889,NA,699.0304853,NA,NA,NA,46.17270195,1294.3770700000002,NA,NA,NA
8135,-60.00555556,-38.765,NA,518.578634,NA,NA,NA,20.94285714,2294.75813,NA,NA,NA
8136,-60.1075,-38.76472222,NA,450.1710908,NA,NA,NA,26.82377049,2354.58067,NA,NA,NA
8137,-60.17138889,-38.79277778,NA,858.7992091,NA,NA,NA,22.56190476,1902.98954,NA,NA,NA
8138,-60.03111111,-38.74611111,NA,662.9146356,NA,NA,NA,20.08571429,1993.74914,NA,NA,NA
8139,-60.0275,-38.74888889,NA,482.4946337,NA,NA,NA,12.09266943,1732.47247,NA,NA,NA
8140,-60.45308333,-38.57138889,NA,920.6574954,NA,NA,NA,12.57513661,1509.0645,NA,NA,NA
8141,-60.38644444,-38.57252778,NA,712.2777311,NA,NA,NA,7.191780822,1738.5798599999998,NA,NA,NA
8142,-60.36366667,-38.60183333,NA,930.8728448,NA,NA,NA,7.191780822,1676.0696599999999,NA,NA,NA
8143,-60.48055556,-38.60138889,NA,559.8174916,NA,NA,NA,13.62745098,1543.7724899999998,NA,NA,NA
8144,-60.53802778,-37.19991667,NA,521.2972689,NA,NA,NA,4.424076607,2771.8869600000003,NA,NA,NA
8145,-58.39802778,-37.68555556,NA,449.6060924,NA,NA,NA,13.81308411,2492.91222,NA,NA,NA
8146,-58.45033333,-37.92011111,NA,557.1428571,NA,NA,NA,29.23364486,2267.18424,NA,NA,NA
8147,-58.25194444,-38.03594444,NA,471.0843806,NA,NA,NA,9.794392523,3063.97259,NA,NA,NA
8148,-58.55683333,-37.68588889,NA,582.6098059,NA,NA,NA,14.37383178,2909.83646,NA,NA,NA
8149,-59.84516667,-37.59961111,NA,709.3996267,NA,NA,NA,15.36490251,1969.05206,NA,NA,NA
8150,-59.88786111,-37.66477778,NA,487.6494909,NA,NA,NA,15.32380952,2553.2496100000003,NA,NA,NA
8151,-59.82480556,-37.67625,NA,492.8043481,NA,NA,NA,38.37142857,2702.79288,NA,NA,NA
8152,-59.68775,-37.86894444,NA,492.8043481,NA,NA,NA,5.605809129,2307.71849,NA,NA,NA
8153,-61.17305556,-38.41002778,NA,790.6820623,NA,NA,NA,12.97196262,2216.32041,NA,NA,NA
8154,-61.39858333,-38.46738889,NA,669.8004202,NA,NA,NA,12.31775701,2213.31223,NA,NA,NA
8155,-61.00988889,-38.43,NA,1102.269127,NA,NA,NA,19.26478873,1469.6057,NA,NA,NA
8156,-61.18638889,-38.54452778,NA,893.7044799,NA,NA,NA,15.32112676,2088.9825100000003,NA,NA,NA
8157,-61.04022222,-38.31177778,NA,733.0827068,NA,NA,NA,7.551401869,2324.9416,NA,NA,NA
8158,-58.57938889,-37.84405556,NA,444.1295256,NA,NA,NA,19.98130841,2971.03227,NA,NA,NA
8159,-58.67602778,-37.91683333,NA,552.73238,NA,NA,NA,17.45794393,2943.3325999999997,NA,NA,NA
8160,-58.74233333,-38.19966667,NA,613.4716387,NA,NA,NA,22.41121495,1994.5544000000002,NA,NA,NA
8161,-58.67388889,-37.98455556,NA,652.3237998,NA,NA,NA,5.962616822,2792.6974999999998,NA,NA,NA
8162,-58.74148333,-38.00176667,NA,791.4300538,NA,NA,NA,6.423988842,1913.57411,NA,NA,NA
8163,-58.81963889,-38.13533333,NA,746.0448001,NA,NA,NA,9.514018692,2391.12154,NA,NA,NA
8164,-58.93044444,-38.33712778,NA,670.2470462,NA,NA,NA,13.62616822,2638.6237699999997,NA,NA,NA
8165,-58.63311111,-38.36405556,NA,1007.534984,NA,NA,NA,33.53271028,2698.6630499999997,NA,NA,NA
8166,-58.72561111,-38.52544444,NA,523.6305048,NA,NA,NA,14,2440.98015,NA,NA,NA
8167,-58.93972222,-37.44966667,NA,216.8654085,NA,NA,NA,10.92541436,2396.97029,NA,NA,NA
8168,-58.94347222,-37.45066667,NA,230.3974221,NA,NA,NA,7.967168263,2606.24019,NA,NA,NA
8169,-59.21480556,-37.35033333,NA,428.2622788,NA,NA,NA,13.1489071,3023.82732,NA,NA,NA
8170,-58.98486111,-37.34630556,NA,543.4933637,NA,NA,NA,11.69889503,2310.7091299999997,NA,NA,NA
8171,-59.35894444,-37.11041667,NA,631.6310659,NA,NA,NA,11.89226519,2257.31794,NA,NA,NA
8172,-59.40408333,-37.27558333,NA,625.5499333,NA,NA,NA,27.58546433,2627.6207400000003,NA,NA,NA
8173,-59.214,-37.29130556,NA,351.5877287,NA,NA,NA,26.92749658,2423.64824,NA,NA,NA
8174,-58.94647222,-37.60577778,NA,750.8761925,NA,NA,NA,22.14088398,2398.3634500000003,NA,NA,NA
8175,-59.83630556,-38.44405556,NA,668.862928,NA,NA,NA,15.8,1872.92606,NA,NA,NA
8176,-60.18169444,-38.40072222,NA,610.9765238,NA,NA,NA,16.78278689,1716.96431,NA,NA,NA
8177,-58.29905,-37.75461667,NA,481.7400644,NA,NA,NA,30.23842917,2222.87835,NA,NA,NA
8178,-59.89531667,-38.42516944,NA,1011.357486,NA,NA,NA,7.602459016,2127.46597,NA,NA,NA
8179,-59.83961944,-37.61373889,NA,527.9396516,NA,NA,NA,11.40883978,2572.65045,NA,NA,NA
8180,-60.34776111,-37.54271944,NA,729.739967,NA,NA,NA,7.975409836,2404.28627,NA,NA,NA
8181,-61.71758333,-38.45,NA,837.8088077,NA,NA,NA,8.859813084,1516.27336,NA,NA,NA
8182,-59.48345,-37.94483889,NA,794.4178565,NA,NA,NA,11.56267409,2696.4947,NA,NA,NA
8183,-60.39208056,-37.97983889,NA,398.3253837,NA,NA,NA,9.419398907,2101.5704,NA,NA,NA
8184,-61.3675,-38.56633333,NA,691.1922664,NA,NA,NA,12.85633803,1485.91746,NA,NA,NA
8185,-61.55380556,-38.77958333,NA,709.9689572,NA,NA,NA,15.61690141,938.2149400000001,NA,NA,NA
8186,-61.24447222,-38.72291667,NA,652.1090643,NA,NA,NA,13.34929577,1507.56453,NA,NA,NA
8187,-60.99919444,-38.69327778,NA,652.3237998,NA,NA,NA,9.140186916,1878.1352900000002,NA,NA,NA
8188,-59.302,-38.55241944,NA,1103.010959,NA,NA,NA,9.228142077,2565.06474,NA,NA,NA
8189,-60.05341111,-37.89546944,NA,591.6810558,NA,NA,NA,9.801912568,2432.6656199999998,NA,NA,NA
8190,-60.14485,-38.04678056,NA,606.1526568,NA,NA,NA,12.09699454,2451.7621,NA,NA,NA
8191,-61.28951111,-37.26155556,NA,982.8424389,NA,NA,NA,5.010928962,2113.96287,NA,NA,NA
8192,-60.82347222,-38.22686111,NA,820.4940339,NA,NA,NA,13.94084507,2043.84199,NA,NA,NA
8193,-59.29691111,-38.081938890000004,NA,707.453864,NA,NA,NA,4.1598360660000004,2199.74035,NA,NA,NA
8194,-61.55221944,-37.36246111,NA,557.505,NA,NA,NA,17.61134163,2381.7389,NA,NA,NA
8195,-61.46746944,-37.1276,NA,638.3001458,NA,NA,NA,14.87743733,1206.32095,NA,NA,NA
8196,-60.6942,-37.52501944,NA,400.0169185,NA,NA,NA,8.276190476,2498.9921400000003,NA,NA,NA
8197,-61.35488056,-37.57923889,NA,474.63,NA,NA,NA,13.93222683,2586.5472900000004,NA,NA,NA
8198,-61.08303056,-37.59996944,NA,495.2037156,NA,NA,NA,6.847619048,2356.77732,NA,NA,NA
8199,-60.81975,-36.93508889,NA,727.8464017,NA,NA,NA,10.25033647,3137.8951500000003,NA,NA,NA
8200,-59.04335,-38.52801111,NA,745.1560818,NA,NA,NA,4.46728972,1775.8721,NA,NA,NA
8201,-58.8159,-38.47761111,NA,358.5291113,NA,NA,NA,10.26168224,2616.63331,NA,NA,NA
8202,-59.08688056,-38.29156111,NA,799.1073372,NA,NA,NA,8.859813084,2472.56328,NA,NA,NA
8203,-60.50328056,-36.72088056,NA,695.0714824,NA,NA,NA,10.81561238,3012.75205,NA,NA,NA
8204,-60.38825,-37.00844444,NA,555.1601423,NA,NA,NA,11.7577389,2307.81619,NA,NA,NA
8205,-60.48141111,-36.89828056,NA,470.5749368,NA,NA,NA,14.01933702,2820.93233,NA,NA,NA
8206,-60.65411111,-38.60288889,NA,595.7549837,NA,NA,NA,12.75774648,1367.04653,NA,NA,NA
8207,-61.20422222,-37.84663889,NA,784.77601,NA,NA,NA,11.67323944,1870.89902,NA,NA,NA
8208,-61.33355556,-38.02261111,NA,770.1641352,NA,NA,NA,13.71962617,1988.1780099999999,NA,NA,NA
8209,-61.06058333,-38.08733333,NA,670.2423577,NA,NA,NA,6.687587169,2577.99659,NA,NA,NA
8210,-61.12121944,-37.03925,NA,518.578634,NA,NA,NA,6.561904762,2660.99545,NA,NA,NA
8211,-61.53752778,-38.27938889,NA,761.9747899,NA,NA,NA,14.93457944,2213.63317,NA,NA,NA
8212,-59.64001111,-38.51886944,NA,639.9197259,NA,NA,NA,4.794520548,1849.33713,NA,NA,NA
8213,-59.24376111,-37.27986111,NA,705.0031323,NA,NA,NA,22.96904441,2479.25799,NA,NA,NA
8214,-60.15483889,-38.44108889,NA,910.0562784,NA,NA,NA,15.82650273,1996.16943,NA,NA,NA
8215,-60.24541111,-38.25986111,NA,704.1534931,NA,NA,NA,13.44813278,2208.02718,NA,NA,NA
8216,-60.32093889,-38.38883056,NA,524.1469177,NA,NA,NA,8.657142857,1776.89587,NA,NA,NA
8217,-60.53546111,-38.29706111,NA,690.3779051,NA,NA,NA,10.10027855,2462.49461,NA,NA,NA
8218,-60.46963889,-38.50643056,NA,818.4028053,NA,NA,NA,17.83469945,1888.34163,NA,NA,NA
8219,-59.92293889,-38.47351944,NA,1021.124916,NA,NA,NA,9.222841226,1702.6672600000002,NA,NA,NA
8220,-58.21491667,-38.29926667,NA,971.927521,NA,NA,NA,16.3364486,2919.17278,NA,NA,NA
8221,-57.6744,-38.09468333,NA,638.8292159,NA,NA,NA,7.177570093,3152.23648,NA,NA,NA
8222,-58.14445,-38.37028333,NA,629.7093649,NA,NA,NA,54.56074766,2857.9193400000004,NA,NA,NA
8223,-57.96105,-38.21755,NA,675.4833512,NA,NA,NA,17.92523364,2930.1097999999997,NA,NA,NA
8224,-57.6268,-37.9065,NA,644.1964286,NA,NA,NA,22.78504673,3013.9597200000003,NA,NA,NA
8225,-57.91695,-38.0105,NA,488.0247578,NA,NA,NA,14.28037383,2704.30227,NA,NA,NA
8226,-58.67983333,-37.90708333,NA,219.1701681,NA,NA,NA,30.44859813,2924.27456,NA,NA,NA
8227,-58.53378333,-37.60298333,NA,641.9039146,NA,NA,NA,16.50422535,3344.36184,NA,NA,NA
8228,-58.25018333,-37.74776667,NA,560.9942091,NA,NA,NA,20.25801953,2550.37829,NA,NA,NA
8229,-59.332,-37.90381667,NA,714.8650998,NA,NA,NA,9.807799443,2508.14633,NA,NA,NA
8230,-59.2045,-38.23888333,NA,802.7218996,NA,NA,NA,14.57377049,2652.99952,NA,NA,NA
8231,-58.54045,-38.46593333,NA,796.7313585,NA,NA,NA,10.65469613,3094.1827,NA,NA,NA
8232,-58.36673333,-38.00901667,NA,408.6052838,NA,NA,NA,22.5046729,2812.07534,NA,NA,NA
8233,-58.32763333,-37.99366667,NA,591.7024705,NA,NA,NA,31.78591549,2673.9361,NA,NA,NA
8234,-59.49106667,-38.29633333,NA,582.0333218,NA,NA,NA,8.071038251,2530.9947500000003,NA,NA,NA
8235,-59.68508333,-38.1739,NA,394.8620613,NA,NA,NA,14.31950207,2566.51448,NA,NA,NA
8236,-59.3992,-38.25166667,NA,358.7780609,NA,NA,NA,10.84761905,2694.58827,NA,NA,NA
8237,-57.9541,-38.28408333,NA,627.4259448,NA,NA,NA,7.270718232,3336.22533,NA,NA,NA
8238,-58.43671667,-37.82116667,NA,895.3396343,NA,NA,NA,28.76635514,3255.06268,NA,NA,NA
8239,-59.2079,-38.53362222,NA,914.8801455,NA,NA,NA,17.06967213,3058.28773,NA,NA,NA
8240,-58.52576667,-38.0784,NA,461.7868676,NA,NA,NA,14.18691589,2953.45811,NA,NA,NA
8241,-58.74168333,-38.31053333,NA,777.3371849,NA,NA,NA,9.887850467,2738.4595,NA,NA,NA
8242,-59.21383333,-38.20228333,NA,615.8003909,NA,NA,NA,20.94285714,1318.64536,NA,NA,NA
8243,-60.11603889,-36.89973889,NA,1047.645053,NA,NA,NA,15.14939435,3378.06122,NA,NA,NA
8244,-58.311475,-37.76334167,NA,733.7502617,NA,NA,NA,18.77183099,2615.1561699999997,NA,NA,NA
8245,-61.37472222,-36.90694444,NA,633.629627,NA,NA,NA,9.977900552,2290.73187,NA,NA,NA
8246,-61.21583333,-37.82444444,NA,659.9119341,NA,NA,NA,12.07162534,2219.6483,NA,NA,NA
8247,-60.23938056,-37.34307778,NA,457.7399121,NA,NA,NA,36.63911846,940.17998,NA,NA,NA
